EndDate,EndDate_id
6/30/25 11:15,f309618e
7/2/25 8:03,de7e63d6
7/2/25 15:51,785a2188
7/2/25 22:07,b8bc135f
7/7/25 10:21,2c34663f
7/15/25 7:22,3a2ff704
7/15/25 8:12,29732049
7/15/25 8:29,fe1792ad
7/15/25 11:05,0237418f
7/15/25 19:46,b13d96c3
7/16/25 11:57,fdf0b5fb
7/17/25 15:31,9405777e
7/18/25 15:19,26f1ab4e
7/24/25 14:15,fac91e37
7/25/25 17:07,1508c313
8/5/25 17:12,722e73bd
8/6/25 10:05,ab6aa183
8/14/25 8:37,b02796d3
8/19/25 10:13,42bcfe07
8/19/25 11:18,9aabcdc2
8/19/25 14:54,0e11e322
8/20/25 9:17,bfff5ff8
8/20/25 12:52,7a081002
8/26/25 9:20,d9a45531
8/26/25 10:20,a76ed859
8/19/25 10:56,f74ba5a7
8/27/25 8:17,33c2232c
